{"cameraMode":{"drawMode":0,"name":"Shaded","section":"Shading Mode"},"sceneLighting":true,"audioPlay":false,"sceneViewState":{"m_AlwaysRefresh":false,"showFog":true,"showSkybox":true,"showFlares":true,"showImageEffects":true,"showParticleSystems":true,"showVisualEffectGraphs":true,"m_FxEnabled":true},"in2DMode":false,"pivot":{"x":-2.4801712036132814,"y":-0.28492164611816409,"z":-0.15150365233421327},"rotation":{"x":0.001499255420640111,"y":-0.031494759023189548,"z":0.000047242167056538165,"w":0.9995030164718628},"size":6.874590873718262,"orthographic":true}